graph	num_nodes_in_graph	num_colors	num_nodes_per_color	algorithm	Set_Nodes_in_Solution	Density_of_DOMINANT_Solution	Fairness_of_DOMINANT_Solution	Number_of_Nodes_in_DOMINANT_Solution	Set_Nodes_in_Solution_OUTHER_NODE_IDs
../dataset/Robustness_Experiment_Dataset/1.tsv	1032	82	{0: 21, 1: 36, 2: 15, 3: 35, 4: 16, 5: 17, 6: 17, 7: 28, 8: 7, 9: 62, 10: 13, 11: 2, 12: 18, 13: 11, 14: 4, 15: 18, 16: 14, 17: 41, 18: 24, 19: 18, 20: 12, 21: 8, 22: 9, 23: 47, 24: 20, 25: 7, 26: 12, 27: 10, 28: 15, 29: 12, 30: 2, 31: 10, 32: 23, 33: 13, 34: 11, 35: 9, 36: 3, 37: 22, 38: 12, 39: 14, 40: 7, 41: 12, 42: 10, 43: 19, 44: 24, 45: 18, 46: 9, 47: 10, 48: 11, 49: 3, 50: 17, 51: 15, 52: 8, 53: 5, 54: 11, 55: 6, 56: 6, 57: 5, 58: 15, 59: 7, 60: 4, 61: 6, 62: 10, 63: 23, 64: 7, 65: 3, 66: 2, 67: 10, 68: 4, 69: 7, 70: 3, 71: 8, 72: 6, 73: 4, 74: 4, 75: 8, 76: 2, 77: 1, 78: 5, 79: 3, 80: 3, 81: 3}	FPS - SpecPeeling	(771, 520, 266, 13, 527, 528, 273, 20, 283, 284, 799, 288, 803, 551, 296, 297, 44, 48, 570, 827, 61, 317, 829, 580, 70, 71, 840, 73, 79, 82, 601, 602, 345, 346, 358, 617, 363, 111, 115, 632, 888, 889, 638, 901, 135, 648, 649, 393, 139, 144, 659, 149, 661, 663, 918, 665, 158, 415, 929, 674, 417, 167, 428, 173, 687, 442, 449, 450, 710, 199, 716, 465, 216, 221, 739, 506, 501, 502, 759, 762, 763, 508)	19.035342889147742	1.0	82	{'FBXO38', 'POLR2C', 'TVP23A', 'NR1D1', 'KRT10', 'RCL1', 'UQCRQ', 'FBXW11', 'UTP15', 'WDR77', 'CPSF3', 'SRRT', 'ADAM19', 'RRP15', 'SNX3', 'G3BP2', 'TEFM', 'ARF4', 'EEF1E1', 'AFF4', 'TERF2IP', 'BCS1L', 'COPS2', 'HSPA4', 'CDK17', 'TTC37', 'MORF4L1', 'KPNA1', 'RPL23', 'ERCC2', 'MRPL40', 'COPS6', 'NPM1', 'SMARCE1', 'TNPO1', 'RAPGEFL1', 'NUFIP1', 'CNBP', 'EIF2B3', 'AIMP1', 'RWDD1', 'RUVBL1', 'VTA1', 'PSMA4', 'THG1L', 'KLF11', 'KALRN', 'USO1', 'SYMPK', 'SEC63', 'MCM2', 'ABCE1', 'RPL19', 'XRN1', 'GART', 'NASP', 'DDX1', 'TCOF1', 'IFNGR2', 'SMURF1', 'LTA4H', 'MOCS2', 'EFTUD2', 'DCTN4', 'PPM1K', 'RAB7A', 'NDUFS4', 'MRPS27', 'AKIRIN1', 'MFSD2A', 'MED24', 'THRA', 'PRKD2', 'WDR61', 'RPS14', 'NDUFA12', 'TAF5', 'MAD1L1', 'CPSF2', 'BUD31', 'TOP2A', 'ATG7'}
../dataset/Robustness_Experiment_Dataset/11.tsv	1032	82	{0: 34, 1: 9, 2: 16, 3: 14, 4: 2, 5: 23, 6: 16, 7: 15, 8: 25, 9: 5, 10: 23, 11: 5, 12: 4, 13: 10, 14: 10, 15: 19, 16: 8, 17: 28, 18: 61, 19: 16, 20: 43, 21: 4, 22: 15, 23: 5, 24: 11, 25: 21, 26: 13, 27: 24, 28: 3, 29: 47, 30: 22, 31: 27, 32: 12, 33: 13, 34: 43, 35: 10, 36: 7, 37: 18, 38: 9, 39: 6, 40: 16, 41: 3, 42: 10, 43: 7, 44: 5, 45: 19, 46: 23, 47: 3, 48: 11, 49: 8, 50: 11, 51: 10, 52: 7, 53: 8, 54: 6, 55: 15, 56: 7, 57: 3, 58: 15, 59: 15, 60: 3, 61: 14, 62: 5, 63: 3, 64: 6, 65: 3, 66: 8, 67: 7, 68: 7, 69: 6, 70: 4, 71: 4, 72: 11, 73: 8, 74: 8, 75: 8, 76: 5, 77: 4, 78: 7, 79: 4, 80: 5, 81: 4}	FPS - SpecPeeling	(1, 769, 4, 519, 526, 273, 18, 786, 537, 283, 540, 284, 804, 294, 296, 297, 813, 559, 49, 50, 567, 569, 58, 317, 574, 832, 834, 580, 70, 844, 78, 81, 339, 88, 344, 95, 98, 101, 616, 366, 634, 123, 638, 130, 388, 649, 650, 393, 905, 142, 147, 661, 920, 665, 161, 673, 675, 165, 682, 173, 690, 441, 443, 195, 713, 460, 719, 467, 212, 734, 223, 224, 737, 480, 228, 744, 747, 749, 755, 504, 507, 510)	20.553642284145845	1.0	82	{'FBXO38', 'POLR2C', 'RNF25', 'TNKS', 'TAOK1', 'P4HA2', 'ALG2', 'RIOK1', 'GTF2F2', 'UQCRQ', 'UTP15', 'WDR77', 'CPSF3', 'CNOT1', 'TSEN2', 'RRP15', 'AFF4', 'COPS2', 'LSM11', 'RRAGC', 'PLK3', 'PGAP3', 'HSPA4', 'TTC37', 'GABARAPL2', 'PDIA5', 'KPNA1', 'RPL23', 'TAMM41', 'ERCC2', 'MRPL40', 'TOP2B', 'NPM1', 'SMARCE1', 'SNRPD2', 'SEC61B', 'LINGO1', 'ACAD9', 'TNPO1', 'CLEC16A', 'NUFIP1', 'EIF2B3', 'TRIT1', 'ANAPC10', 'RWDD1', 'CFAP20', 'RUVBL1', 'THG1L', 'USO1', 'TOMM40', 'RPS8', 'PPP5C', 'APOE', 'ABCE1', 'BCAR1', 'XRN1', 'MED7', 'NASP', 'DDX1', 'MICAL1', 'SYNPO', 'EFTUD2', 'DCTN4', 'RAB7A', 'MRPS27', 'SNRPF', 'PPT1', 'PSMD3', 'JAK2', 'MED24', 'GEMIN7', 'WDR61', 'RPS14', 'ARPC1B', 'MCM7', 'ADAT1', 'CPSF2', 'WHAMM', 'RBM22', 'EEFSEC', 'PDCD11', 'TAF6'}
../dataset/Robustness_Experiment_Dataset/21.tsv	1031	81	{0: 36, 1: 5, 2: 7, 3: 14, 4: 17, 5: 35, 6: 31, 7: 11, 8: 55, 9: 13, 10: 59, 11: 37, 12: 11, 13: 3, 14: 5, 15: 2, 16: 4, 17: 12, 18: 4, 19: 7, 20: 6, 21: 13, 22: 12, 23: 24, 24: 14, 25: 8, 26: 9, 27: 15, 28: 6, 29: 21, 30: 7, 31: 15, 32: 14, 33: 12, 34: 17, 35: 14, 36: 7, 37: 21, 38: 22, 39: 9, 40: 8, 41: 7, 42: 15, 43: 16, 44: 4, 45: 9, 46: 26, 47: 15, 48: 21, 49: 8, 50: 14, 51: 5, 52: 7, 53: 16, 54: 11, 55: 6, 56: 11, 57: 14, 58: 10, 59: 5, 60: 25, 61: 26, 62: 7, 63: 9, 64: 6, 65: 8, 66: 8, 67: 4, 68: 12, 69: 11, 70: 9, 71: 3, 72: 2, 73: 3, 74: 2, 75: 9, 76: 4, 77: 11, 78: 3, 79: 4, 80: 3}	FPS - SpecPeeling	(257, 258, 522, 523, 530, 19, 20, 21, 531, 279, 536, 280, 543, 289, 292, 37, 550, 293, 552, 44, 558, 560, 52, 821, 313, 60, 830, 579, 70, 71, 839, 842, 78, 335, 81, 339, 341, 343, 344, 94, 97, 355, 356, 359, 621, 110, 625, 627, 376, 889, 893, 126, 134, 390, 395, 654, 144, 658, 147, 919, 666, 156, 165, 683, 944, 436, 697, 706, 708, 452, 714, 208, 721, 732, 477, 224, 227, 740, 243, 501, 254)	18.462051159170606	1.0	81	{'FBXO38', 'POLR2C', 'TNKS', 'TAOK1', 'ZFP1', 'RIOK1', 'GTF2F2', 'UTP15', 'E2F3', 'SOX9', 'WDR77', 'CPSF3', 'SRRT', 'CNOT1', 'AAMP', 'RRP15', 'SNX3', 'ARF4', 'OTUD4', 'EEF1E1', 'AFF4', 'TERF2IP', 'COPS2', 'ASTN2', 'PCYOX1L', 'TTC37', 'ERCC2', 'RAD50', 'ERBB2', 'INTS12', 'TRIP11', 'NPM1', 'ATOX1', 'MIEN1', 'TBCK', 'DDX20', 'ANKRA2', 'NUFIP1', 'MMACHC', 'EIF2B3', 'DMPK', 'AIMP1', 'SMAP2', 'RWDD1', 'RUVBL1', 'PSMA4', 'CSNK2A2', 'CALM3', 'MYNN', 'ABCE1', 'CCDC14', 'FBXL20', 'XRN1', 'MED7', 'DDX1', 'TCOF1', 'RSPRY1', 'MOCS2', 'NOVA2', 'SEC62', 'RCHY1', 'EFTUD2', 'MRPS27', 'RBM15', 'ZMIZ1', 'GPBP1L1', 'PSMD3', 'EIF3B', 'TSC22D4', 'RLF', 'WDR61', 'TAF5', 'CPSF2', 'GRB7', 'TFDP2', 'RBM22', 'EEFSEC', 'IL17RA', 'PDCD11', 'KIDINS220', 'ATG7'}
../dataset/Robustness_Experiment_Dataset/31.tsv	1031	81	{0: 23, 1: 28, 2: 32, 3: 13, 4: 7, 5: 18, 6: 11, 7: 63, 8: 8, 9: 40, 10: 11, 11: 15, 12: 12, 13: 21, 14: 23, 15: 9, 16: 4, 17: 8, 18: 39, 19: 18, 20: 16, 21: 20, 22: 20, 23: 6, 24: 15, 25: 24, 26: 11, 27: 15, 28: 12, 29: 18, 30: 3, 31: 1, 32: 14, 33: 7, 34: 15, 35: 7, 36: 16, 37: 9, 38: 1, 39: 15, 40: 12, 41: 10, 42: 42, 43: 12, 44: 14, 45: 10, 46: 10, 47: 9, 48: 10, 49: 5, 50: 7, 51: 8, 52: 6, 53: 9, 54: 13, 55: 14, 56: 26, 57: 10, 58: 8, 59: 1, 60: 3, 61: 12, 62: 7, 63: 7, 64: 10, 65: 11, 66: 3, 67: 9, 68: 11, 69: 2, 70: 9, 71: 7, 72: 4, 73: 13, 74: 10, 75: 4, 76: 8, 77: 4, 78: 4, 79: 5, 80: 4}	FPS - SpecPeeling	(261, 264, 529, 274, 20, 535, 284, 285, 797, 294, 806, 297, 42, 43, 298, 303, 51, 52, 567, 824, 57, 828, 62, 318, 576, 581, 72, 585, 842, 77, 847, 81, 83, 90, 602, 91, 603, 92, 95, 349, 99, 615, 361, 631, 888, 127, 897, 137, 905, 395, 140, 145, 662, 150, 406, 666, 410, 412, 674, 166, 691, 947, 442, 444, 193, 719, 464, 213, 726, 214, 729, 221, 223, 737, 484, 229, 744, 745, 507, 508, 510)	20.138562286747426	1.0	81	{'MSL1', 'FBXO38', 'TAOK1', 'CHI3L2', 'FBXO24', 'SLC1A1', 'RIOK1', 'UQCRQ', 'FBXW11', 'UTP15', 'WDR77', 'PRDX1', 'TNIP1', 'TSEN2', 'MED1', 'PPIF', 'RRP15', 'SNX3', 'OPTN', 'GRPEL2', 'TEFM', 'AFF4', 'TAF1B', 'COPS2', 'CAST', 'PCYOX1L', 'HSPA4', 'TTC37', 'GABARAPL2', 'ZNF655', 'MORF4L1', 'ANP32B', 'RAD50', 'PDE12', 'NSUN4', 'USP8', 'NPM1', 'SNRPD2', 'SEC61B', 'NDST1', 'DDX20', 'TNPO1', 'NUFIP1', 'EIF2B3', 'TRIT1', 'AIMP1', 'RWDD1', 'RUVBL1', 'PSMA4', 'USO1', 'TOMM40', 'RPS8', 'CAP1', 'G3BP1', 'GM2A', 'ABCE1', 'RPL19', 'MRPS35', 'BTF3', 'MED7', 'NASP', 'DDX1', 'TCOF1', 'METAP2', 'LTA4H', 'MOCS2', 'CASC3', 'ASB1', 'MRPS27', 'RBM15', 'SNRPF', 'PSMD3', 'SNCA', 'TBC1D2B', 'WDR61', 'POMGNT1', 'ADAT1', 'CPSF2', 'RNF220', 'RBM22', 'HIRA'}
../dataset/Robustness_Experiment_Dataset/41.tsv	1031	82	{0: 8, 1: 10, 2: 26, 3: 18, 4: 56, 5: 11, 6: 24, 7: 12, 8: 21, 9: 12, 10: 23, 11: 7, 12: 4, 13: 6, 14: 15, 15: 50, 16: 5, 17: 2, 18: 20, 19: 24, 20: 11, 21: 4, 22: 12, 23: 30, 24: 8, 25: 38, 26: 13, 27: 5, 28: 9, 29: 28, 30: 21, 31: 23, 32: 18, 33: 21, 34: 11, 35: 5, 36: 14, 37: 13, 38: 17, 39: 19, 40: 12, 41: 4, 42: 5, 43: 9, 44: 10, 45: 10, 46: 6, 47: 8, 48: 9, 49: 12, 50: 1, 51: 13, 52: 9, 53: 9, 54: 9, 55: 8, 56: 4, 57: 20, 58: 11, 59: 14, 60: 17, 61: 40, 62: 7, 63: 9, 64: 12, 65: 11, 66: 3, 67: 9, 68: 7, 69: 7, 70: 4, 71: 7, 72: 3, 73: 9, 74: 11, 75: 3, 76: 1, 77: 1, 78: 3, 79: 4, 80: 4, 81: 2}	FPS - SpecPeeling	(0, 512, 519, 520, 264, 20, 537, 795, 284, 285, 543, 803, 550, 294, 554, 44, 812, 46, 559, 564, 54, 822, 61, 318, 830, 576, 577, 832, 72, 844, 80, 595, 83, 597, 344, 89, 346, 603, 348, 349, 607, 98, 356, 102, 871, 361, 625, 113, 117, 374, 379, 639, 895, 645, 393, 139, 140, 656, 145, 914, 660, 404, 667, 669, 159, 168, 680, 685, 440, 444, 707, 709, 457, 206, 724, 477, 232, 233, 749, 760, 762, 510)	18.622136142965545	1.0	82	{'POLR2C', 'PTCD1', 'CDKAL1', 'ALG2', 'RARA', 'RIOK1', 'MUTYH', 'UTP15', 'GIT1', 'WDR77', 'SRRT', 'PRDX1', 'TSEN2', 'RRP15', 'TEFM', 'ARF4', 'EEF1E1', 'TAF1B', 'TERF2IP', 'COPS2', 'NUBP1', 'DTWD1', 'PGAP3', 'CIAPIN1', 'CDK17', 'TTC37', 'GABARAPL2', 'MORF4L1', 'RPL23', 'STK36', 'ABLIM3', 'ERCC2', 'RAD50', 'SEC11A', 'MRPL40', 'ERBB2', 'INTS12', 'TRIP11', 'NPM1', 'YWHAQ', 'TBCK', 'CHGA', 'DDX20', 'NUFIP1', 'EIF2B3', 'TRPM7', 'ANAPC10', 'AIMP1', 'RWDD1', 'CLCNKB', 'FRMD3', 'RUVBL1', 'ATP6V1E1', 'PSMA4', 'THG1L', 'NMT1', 'CSNK2A2', 'USO1', 'TOMM40', 'SYMPK', 'MYNN', 'ABCE1', 'MRPS35', 'FBXL20', 'BTF3', 'XRN1', 'STARD3', 'CDC6', 'DDX1', 'NOVA2', 'RCHY1', 'EFTUD2', 'PABPC4', 'NDUFS4', 'PSMD3', 'PELO', 'HEXIM1', 'CPSF2', 'RNF220', 'EEFSEC', 'PDCD11', 'TAF6'}
../dataset/Robustness_Experiment_Dataset/51.tsv	1032	81	{0: 18, 1: 62, 2: 27, 3: 14, 4: 5, 5: 14, 6: 50, 7: 12, 8: 48, 9: 10, 10: 8, 11: 19, 12: 15, 13: 16, 14: 17, 15: 7, 16: 15, 17: 16, 18: 27, 19: 9, 20: 9, 21: 10, 22: 11, 23: 16, 24: 23, 25: 11, 26: 11, 27: 14, 28: 4, 29: 36, 30: 17, 31: 15, 32: 18, 33: 3, 34: 8, 35: 9, 36: 4, 37: 12, 38: 9, 39: 6, 40: 2, 41: 22, 42: 7, 43: 20, 44: 6, 45: 10, 46: 35, 47: 9, 48: 10, 49: 20, 50: 6, 51: 12, 52: 10, 53: 8, 54: 6, 55: 5, 56: 7, 57: 17, 58: 7, 59: 3, 60: 11, 61: 11, 62: 12, 63: 4, 64: 5, 65: 10, 66: 10, 67: 16, 68: 5, 69: 1, 70: 5, 71: 10, 72: 2, 73: 2, 74: 15, 75: 3, 76: 10, 77: 9, 78: 7, 79: 4, 80: 3}	FPS - SpecPeeling	(515, 517, 261, 12, 525, 524, 528, 530, 20, 534, 281, 538, 28, 29, 796, 285, 284, 547, 294, 807, 46, 815, 51, 52, 53, 822, 314, 576, 579, 837, 72, 77, 333, 335, 597, 345, 857, 349, 95, 610, 99, 356, 625, 113, 628, 634, 890, 895, 386, 388, 645, 133, 900, 904, 137, 140, 145, 658, 160, 416, 164, 423, 683, 176, 437, 697, 700, 449, 711, 456, 457, 717, 721, 732, 220, 229, 237, 755, 501, 505, 508)	18.3146903023328	1.0	81	{'FBXO38', 'YWHAH', 'STAC2', 'TNKS', 'TAOK1', 'TRAPPC6A', 'UQCRQ', 'FBXW11', 'UTP15', 'RHOBTB3', 'SRRT', 'TNIP1', 'LAMTOR5', 'TAF1B', 'TERF2IP', 'COPS2', 'SLK', 'PID1', 'TLE1', 'LSM11', 'CRLF3', 'STK10', 'PCYOX1L', 'FIG4', 'HSPA4', 'TTC37', 'GABARAPL2', 'MORF4L1', 'KPNA1', 'RPL23', 'ANP32B', 'RAD50', 'USP8', 'NPM1', 'YWHAQ', 'SEC61B', 'RAB3GAP2', 'CLINT1', 'DDX20', 'TNPO1', 'CLEC16A', 'NUFIP1', 'ANAPC10', 'AIMP1', 'RWDD1', 'CFAP20', 'PSMA4', 'THG1L', 'MYO9A', 'SEC61A1', 'USO1', 'UACA', 'SEC63', 'ERI1', 'PPP5C', 'ABCE1', 'RPL19', 'SNRNP48', 'LAMTOR4', 'BTF3', 'RAB31', 'MED7', 'DDX1', 'SMURF1', 'METAP2', 'MOCS2', 'TMED3', 'SYNPO', 'RCHY1', 'PABPC4', 'NDUFS4', 'MRPS27', 'SFTPD', 'SNRPF', 'MED24', 'RPS14', 'TAF5', 'CPSF2', 'RBM22', 'NUS1', 'ATG7'}
../dataset/Robustness_Experiment_Dataset/61.tsv	1032	82	{0: 12, 1: 34, 2: 10, 3: 50, 4: 9, 5: 14, 6: 8, 7: 12, 8: 15, 9: 61, 10: 13, 11: 16, 12: 33, 13: 20, 14: 22, 15: 6, 16: 11, 17: 17, 18: 7, 19: 20, 20: 8, 21: 6, 22: 15, 23: 22, 24: 15, 25: 6, 26: 11, 27: 26, 28: 19, 29: 7, 30: 18, 31: 11, 32: 10, 33: 5, 34: 15, 35: 12, 36: 21, 37: 38, 38: 3, 39: 9, 40: 18, 41: 6, 42: 10, 43: 11, 44: 4, 45: 11, 46: 12, 47: 8, 48: 7, 49: 19, 50: 22, 51: 26, 52: 5, 53: 7, 54: 4, 55: 3, 56: 3, 57: 16, 58: 11, 59: 10, 60: 19, 61: 16, 62: 5, 63: 10, 64: 14, 65: 6, 66: 7, 67: 6, 68: 5, 69: 6, 70: 4, 71: 3, 72: 2, 73: 8, 74: 4, 75: 11, 76: 4, 77: 7, 78: 6, 79: 2, 80: 5, 81: 2}	FPS - SpecPeeling	(514, 516, 518, 526, 18, 19, 278, 281, 282, 540, 802, 35, 547, 291, 295, 42, 812, 305, 562, 821, 566, 60, 572, 316, 829, 66, 68, 836, 331, 76, 341, 598, 342, 601, 91, 95, 611, 100, 359, 362, 109, 627, 115, 633, 636, 892, 895, 391, 649, 395, 396, 142, 143, 146, 659, 663, 921, 154, 409, 672, 928, 164, 933, 681, 438, 189, 199, 206, 718, 218, 476, 989, 479, 227, 228, 740, 744, 745, 751, 240, 243, 509)	18.50436525072121	1.0	82	{'FBXO38', 'SLC36A1', 'TNKS', 'TAOK1', 'PPIE', 'RARA', 'RIOK1', 'RCL1', 'UTP15', 'E2F3', 'WDR77', 'CPSF3', 'SRRT', 'RAP1A', 'RRP15', 'SLC22A5', 'AFF4', 'TAF1B', 'COPS2', 'CAST', 'HECTD3', 'LSM11', 'PCYOX1L', 'RRAGC', 'TTC37', 'ZNF655', 'RPL23', 'PICALM', 'RAD50', 'NSUN4', 'NR4A2', 'ERBB2', 'NPM1', 'SOX4', 'RAB3GAP2', 'ATAD5', 'DDX20', 'EMP2', 'ORMDL3', 'NUFIP1', 'GLIS3', 'TRIT1', 'CEP152', 'SMAP2', 'RUVBL1', 'THG1L', 'CSNK2A2', 'RPS8', 'LY86', 'CEPT1', 'FGF7', 'ABCE1', 'RPL19', 'CDK12', 'FBXL20', 'RIN3', 'BTF3', 'TRMO', 'CDC6', 'DDX1', 'TCOF1', 'METAP2', 'LRRC41', 'MACF1', 'RCHY1', 'EFTUD2', 'PABPC4', 'MRPS27', 'PSMD3', 'MED24', 'PKM', 'RLF', 'TMBIM1', 'RPS14', 'MCM7', 'TFDP2', 'RBM22', 'BUD31', 'RAD54L', 'PDCD11', 'KIDINS220', 'TAF6'}
../dataset/Robustness_Experiment_Dataset/71.tsv	1032	81	{0: 8, 1: 46, 2: 2, 3: 23, 4: 42, 5: 16, 6: 11, 7: 12, 8: 12, 9: 11, 10: 11, 11: 15, 12: 13, 13: 15, 14: 7, 15: 9, 16: 19, 17: 72, 18: 22, 19: 28, 20: 10, 21: 12, 22: 10, 23: 13, 24: 6, 25: 22, 26: 13, 27: 21, 28: 11, 29: 9, 30: 16, 31: 11, 32: 15, 33: 17, 34: 10, 35: 13, 36: 4, 37: 4, 38: 10, 39: 14, 40: 30, 41: 5, 42: 2, 43: 9, 44: 7, 45: 17, 46: 10, 47: 40, 48: 15, 49: 11, 50: 20, 51: 4, 52: 27, 53: 10, 54: 15, 55: 11, 56: 5, 57: 6, 58: 5, 59: 9, 60: 7, 61: 13, 62: 9, 63: 2, 64: 14, 65: 7, 66: 8, 67: 7, 68: 4, 69: 3, 70: 6, 71: 20, 72: 7, 73: 7, 74: 8, 75: 4, 76: 1, 77: 3, 78: 3, 79: 4, 80: 2}	FPS - SpecPeeling	(0, 515, 517, 7, 264, 9, 777, 776, 526, 20, 281, 282, 29, 291, 804, 294, 295, 806, 44, 560, 817, 563, 315, 829, 62, 831, 70, 327, 72, 585, 77, 80, 848, 83, 341, 344, 346, 603, 99, 612, 359, 111, 374, 631, 633, 889, 635, 639, 644, 902, 135, 650, 651, 138, 396, 397, 655, 399, 148, 918, 665, 679, 170, 689, 437, 438, 440, 708, 452, 711, 460, 464, 729, 732, 481, 228, 229, 750, 751, 753, 510)	17.924619223519873	1.0	81	{'IREB2', 'TAOK1', 'TAF6', 'UTP15', 'GIT1', 'CPSF3', 'SRRT', 'TNIP1', 'CNOT1', 'ADAM19', 'TEFM', 'UPF2', 'OTUD4', 'AFF4', 'TAF1B', 'COPS2', 'PID1', 'LSM11', 'HSPA4', 'TTC37', 'MORF4L1', 'KPNA1', 'RPL23', 'STK36', 'SDK1', 'ERCC2', 'PDE12', 'NR4A2', 'MAST2', 'MRPL40', 'ERBB2', 'TESK2', 'INTS12', 'NPM1', 'DONSON', 'SON', 'DDX20', 'EIF2B3', 'KLHL42', 'RUVBL1', 'PSMA4', 'MYO9A', 'ERI1', 'MCM2', 'FKRP', 'PER2', 'ABCE1', 'SNRNP48', 'CDK12', 'TRMO', 'MED7', 'DDX1', 'TCOF1', 'MOCS2', 'PDHB', 'EFTUD2', 'RPP14', 'RFWD3', 'PABPC4', 'DYDC2', 'MRPS27', 'RBM15', 'PSMD3', 'MED24', 'TET2', 'ATG7', 'NMB', 'SECISBP2L', 'PKM', 'WDR61', 'ARPC1B', 'TAF5', 'HLA-DQA1', 'CPSF2', 'RNF220', 'ZNF319', 'RBM22', 'PDCD11', 'NUS1', 'TOP2A', 'RMI2'}
../dataset/Robustness_Experiment_Dataset/81.tsv	1032	82	{0: 38, 1: 12, 2: 10, 3: 61, 4: 25, 5: 12, 6: 8, 7: 15, 8: 30, 9: 2, 10: 11, 11: 18, 12: 12, 13: 8, 14: 12, 15: 20, 16: 21, 17: 24, 18: 10, 19: 8, 20: 46, 21: 16, 22: 15, 23: 8, 24: 7, 25: 8, 26: 7, 27: 19, 28: 10, 29: 12, 30: 7, 31: 9, 32: 8, 33: 39, 34: 39, 35: 4, 36: 4, 37: 23, 38: 24, 39: 9, 40: 14, 41: 19, 42: 4, 43: 14, 44: 3, 45: 9, 46: 16, 47: 9, 48: 5, 49: 14, 50: 21, 51: 15, 52: 4, 53: 19, 54: 14, 55: 8, 56: 17, 57: 20, 58: 3, 59: 6, 60: 8, 61: 4, 62: 8, 63: 7, 64: 5, 65: 7, 66: 3, 67: 12, 68: 8, 69: 8, 70: 9, 71: 6, 72: 7, 73: 7, 74: 8, 75: 6, 76: 2, 77: 3, 78: 2, 79: 3, 80: 3, 81: 1}	FPS - SpecPeeling	(515, 772, 7, 10, 522, 274, 20, 284, 30, 800, 553, 297, 298, 556, 561, 51, 563, 568, 573, 62, 318, 582, 72, 840, 333, 846, 80, 593, 594, 81, 83, 595, 342, 854, 92, 605, 607, 868, 358, 105, 623, 626, 117, 118, 889, 385, 897, 386, 645, 390, 903, 650, 656, 147, 660, 919, 669, 158, 159, 933, 935, 168, 685, 435, 439, 698, 706, 708, 204, 463, 472, 218, 221, 735, 737, 229, 742, 499, 244, 760, 506, 763)	19.246617402510218	1.0	82	{'GOT2', 'POLR2C', 'IARS2', 'MEPCE', 'RIOK1', 'RCL1', 'MUTYH', 'UQCRQ', 'FBXW11', 'SENP8', 'WDR77', 'CPSF3', 'TSEN2', 'MED1', 'VARS2', 'RRP15', 'CCDC113', 'TEFM', 'ARF4', 'RNF7', 'COPS2', 'HECTD3', 'TLE1', 'LSM11', 'PCYOX1L', 'HSPA4', 'TTC37', 'GABARAPL2', 'TRIM14', 'RPL23', 'TAMM41', 'WDR5B', 'SEC11A', 'PTCH2', 'MRPL40', 'INTS12', 'TOP2B', 'NPM1', 'SMARCE1', 'SNRPD2', 'SEC61B', 'NUFIP1', 'EIF2B3', 'TRIT1', 'AIMP1', 'RWDD1', 'MYPOP', 'WDR59', 'RUVBL1', 'THG1L', 'RPS8', 'SYMPK', 'NDUFV2', 'MCM2', 'ABCE1', 'RPL19', 'BTF3', 'XRN1', 'MED7', 'NASP', 'DDX1', 'TCOF1', 'RSPRY1', 'EFTUD2', 'RFWD3', 'USB1', 'NDUFS4', 'MRPS27', 'GSTO1', 'OXSM', 'GEMIN7', 'WDR61', 'RPS14', 'MCM7', 'CYP2J2', 'CPSF2', 'EEFSEC', 'CITED2', 'MMP15', 'PDCD11', 'KIDINS220', 'ATG7'}
../dataset/Robustness_Experiment_Dataset/91.tsv	1032	82	{0: 25, 1: 8, 2: 57, 3: 12, 4: 13, 5: 2, 6: 16, 7: 5, 8: 22, 9: 15, 10: 22, 11: 11, 12: 10, 13: 12, 14: 14, 15: 45, 16: 39, 17: 16, 18: 12, 19: 7, 20: 16, 21: 3, 22: 10, 23: 42, 24: 9, 25: 7, 26: 19, 27: 20, 28: 8, 29: 15, 30: 19, 31: 26, 32: 17, 33: 5, 34: 23, 35: 5, 36: 16, 37: 6, 38: 9, 39: 11, 40: 13, 41: 19, 42: 17, 43: 11, 44: 6, 45: 55, 46: 8, 47: 5, 48: 5, 49: 10, 50: 15, 51: 6, 52: 10, 53: 6, 54: 10, 55: 9, 56: 14, 57: 9, 58: 6, 59: 13, 60: 9, 61: 14, 62: 7, 63: 15, 64: 10, 65: 4, 66: 5, 67: 3, 68: 5, 69: 4, 70: 10, 71: 5, 72: 4, 73: 7, 74: 4, 75: 2, 76: 8, 77: 3, 78: 11, 79: 3, 80: 2, 81: 1}	FPS - SpecPeeling	(512, 769, 258, 5, 8, 521, 18, 281, 282, 27, 292, 804, 294, 295, 49, 50, 563, 54, 315, 573, 831, 576, 322, 70, 328, 843, 78, 591, 81, 593, 338, 596, 599, 344, 93, 605, 97, 609, 356, 870, 616, 872, 114, 630, 891, 128, 897, 390, 136, 393, 905, 139, 652, 397, 398, 144, 659, 660, 149, 661, 921, 681, 687, 691, 436, 701, 192, 203, 718, 463, 725, 218, 476, 221, 224, 737, 740, 488, 749, 500, 761, 764)	18.84511387021143	1.0	82	{'FBXO38', 'IREB2', 'RNF25', 'TAOK1', 'CTDSP1', 'RARA', 'MUTYH', 'UQCRQ', 'FBXW11', 'UTP15', 'CPSF3', 'CNOT1', 'PPIF', 'PXYLP1', 'RNF7', 'AFF4', 'ADCY5', 'COPS2', 'CAST', 'UROD', 'TCAP', 'DTWD1', 'HSPA4', 'TTC37', 'GABARAPL2', 'ELL2', 'PDIA5', 'MORF4L1', 'RPL23', 'ERCC2', 'BRAT1', 'RAD50', 'SEC11A', 'COPS6', 'USP8', 'TOP2B', 'NPM1', 'ATOX1', 'SEC61B', 'SDHB', 'ORMDL3', 'NUFIP1', 'EIF2B3', 'DMPK', 'PARP14', 'ANAPC10', 'AIMP1', 'RWDD1', 'RUVBL1', 'PSMA4', 'NMT1', 'ILKAP', 'FOXO3', 'USO1', 'ZNF296', 'ABCE1', 'RPL19', 'UQCRH', 'BTF3', 'XRN1', 'STARD3', 'MKRN2', 'DDX1', 'GART', 'METAP2', 'MOCS2', 'EFTUD2', 'PABPC4', 'CALHM2', 'NDUFS4', 'MRPS27', 'SNRPF', 'PSMD3', 'TET2', 'SECISBP2L', 'WDR61', 'RPS14', 'PMS2P1', 'CPSF2', 'BMP8B', 'NUS1', 'ATG7'}
../dataset/Robustness_Experiment_Dataset/101.tsv	1032	82	{0: 5, 1: 20, 2: 41, 3: 19, 4: 15, 5: 21, 6: 10, 7: 9, 8: 11, 9: 6, 10: 12, 11: 46, 12: 15, 13: 17, 14: 12, 15: 29, 16: 44, 17: 14, 18: 9, 19: 3, 20: 1, 21: 58, 22: 29, 23: 10, 24: 6, 25: 32, 26: 14, 27: 7, 28: 28, 29: 11, 30: 6, 31: 9, 32: 8, 33: 15, 34: 25, 35: 7, 36: 13, 37: 16, 38: 14, 39: 15, 40: 9, 41: 9, 42: 15, 43: 7, 44: 17, 45: 11, 46: 9, 47: 7, 48: 17, 49: 12, 50: 13, 51: 16, 52: 10, 53: 5, 54: 6, 55: 10, 56: 20, 57: 4, 58: 17, 59: 18, 60: 6, 61: 4, 62: 3, 63: 13, 64: 2, 65: 13, 66: 1, 67: 10, 68: 7, 69: 5, 70: 9, 71: 6, 72: 1, 73: 6, 74: 6, 75: 7, 76: 8, 77: 1, 78: 2, 79: 4, 80: 2, 81: 2}	FPS - SpecPeeling	(7, 525, 526, 272, 785, 18, 531, 24, 280, 792, 539, 281, 800, 290, 294, 40, 808, 297, 44, 50, 563, 307, 565, 570, 60, 829, 68, 73, 841, 76, 589, 77, 332, 595, 88, 615, 109, 624, 627, 372, 633, 893, 641, 396, 655, 145, 658, 659, 148, 661, 403, 916, 918, 409, 666, 155, 156, 676, 166, 680, 684, 173, 439, 696, 441, 190, 703, 448, 713, 206, 719, 718, 720, 211, 726, 222, 736, 481, 739, 230, 507, 510)	18.03059235947417	1.0	82	{'CHRNA5', 'TIMP3', 'FBXO38', 'TNKS', 'RIOK1', 'GTF2F2', 'FBXW11', 'UTP15', 'WDR77', 'SMPD2', 'CPSF3', 'SRRT', 'PRDX1', 'TNIP1', 'TSEN2', 'MED1', 'RRP15', 'OPTN', 'AFF4', 'TERF2IP', 'HECTD3', 'LSM11', 'STK10', 'PCYOX1L', 'AKR1A1', 'RRAGC', 'CDK17', 'TTC37', 'RPL23', 'ANP32B', 'ERCC2', 'BRAT1', 'RAD50', 'NSUN4', 'TNXB', 'BTBD10', 'NPM1', 'ATOX1', 'YWHAQ', 'SNRPD2', 'BID', 'DDX20', 'TNPO1', 'TRIT1', 'RWDD1', 'RELB', 'ZNF394', 'RUVBL1', 'THG1L', 'ILKAP', 'EML2', 'ZBTB38', 'ABCE1', 'XRN1', 'TRMO', 'MED7', 'NASP', 'DDX1', 'CCR7', 'TCOF1', 'APPL1', 'RSPRY1', 'EFTUD2', 'ACTL6B', 'MRPS27', 'GLRX', 'SNRPF', 'GSTO1', 'PSMD3', 'MED24', 'SECISBP2L', 'PRKD2', 'TMBIM1', 'RPS14', 'ARPC1B', 'MCM7', 'TAF5', 'CPSF2', 'RBM22', 'ATP13A2', 'KIDINS220', 'TOE1'}
../dataset/Robustness_Experiment_Dataset/111.tsv	1032	81	{0: 18, 1: 25, 2: 8, 3: 16, 4: 19, 5: 55, 6: 4, 7: 14, 8: 10, 9: 12, 10: 20, 11: 49, 12: 35, 13: 42, 14: 11, 15: 11, 16: 4, 17: 21, 18: 3, 19: 15, 20: 8, 21: 18, 22: 27, 23: 4, 24: 31, 25: 12, 26: 6, 27: 9, 28: 6, 29: 24, 30: 17, 31: 19, 32: 10, 33: 12, 34: 15, 35: 15, 36: 23, 37: 7, 38: 24, 39: 9, 40: 11, 41: 12, 42: 8, 43: 9, 44: 6, 45: 4, 46: 7, 47: 11, 48: 7, 49: 7, 50: 31, 51: 7, 52: 23, 53: 15, 54: 8, 55: 8, 56: 7, 57: 12, 58: 10, 59: 5, 60: 6, 61: 14, 62: 4, 63: 4, 64: 8, 65: 9, 66: 8, 67: 5, 68: 11, 69: 4, 70: 13, 71: 7, 72: 11, 73: 2, 74: 6, 75: 4, 76: 4, 77: 10, 78: 1, 79: 1, 80: 4}	FPS - SpecPeeling	(514, 516, 523, 524, 20, 532, 793, 30, 286, 287, 36, 804, 295, 296, 297, 298, 52, 565, 310, 826, 316, 62, 575, 323, 72, 842, 78, 80, 595, 596, 340, 343, 345, 91, 92, 608, 357, 615, 629, 887, 380, 895, 643, 644, 387, 392, 904, 396, 143, 656, 400, 401, 147, 660, 403, 668, 414, 168, 684, 696, 186, 448, 195, 707, 709, 452, 715, 460, 723, 223, 738, 482, 742, 231, 743, 751, 756, 760, 506, 763, 766)	20.42137831688043	1.0	81	{'FBXO38', 'POLR2C', 'RNF25', 'MEPCE', 'ARHGEF3', 'CTDSP1', 'RIOK1', 'UQCRQ', 'FBXW11', 'UTP15', 'WDR77', 'SMPD2', 'PRDX1', 'CNOT1', 'RRP15', 'TEFM', 'TAF1B', 'TERF2IP', 'COPS2', 'CAST', 'HSPA4', 'TTC37', 'ZNF655', 'KPNA1', 'RAD50', 'MRPL40', 'INTS12', 'SNX8', 'NPM1', 'SMARCE1', 'SNRPD2', 'SDHB', 'NUDT5', 'TNPO1', 'NUFIP1', 'AIMP1', 'RWDD1', 'RUVBL1', 'VTA1', 'PSMA4', 'THG1L', 'PPA2', 'ILKAP', 'TOMM40', 'ATXN3', 'RPS8', 'G3BP1', 'PLCD3', 'ABCE1', 'RPL19', 'MRPS35', 'UQCRH', 'CDK12', 'BTF3', 'XRN1', 'TRMO', 'MED7', 'DDX1', 'TCOF1', 'CASC3', 'EFTUD2', 'PABPC4', 'NDUFS4', 'MRPS27', 'WDR73', 'SNRPF', 'EIF3B', 'PELO', 'THRA', 'PKM', 'GEMIN7', 'WDR61', 'RPS14', 'PMS2P1', 'PDAP1', 'ITGB1BP1', 'CPSF2', 'NDUFA10', 'PDCD11', 'KIDINS220', 'TAF6'}
../dataset/Robustness_Experiment_Dataset/121.tsv	1032	82	{0: 3, 1: 13, 2: 32, 3: 16, 4: 16, 5: 11, 6: 8, 7: 52, 8: 15, 9: 6, 10: 20, 11: 17, 12: 24, 13: 41, 14: 9, 15: 24, 16: 4, 17: 9, 18: 21, 19: 7, 20: 19, 21: 21, 22: 6, 23: 4, 24: 22, 25: 46, 26: 16, 27: 14, 28: 14, 29: 14, 30: 12, 31: 33, 32: 19, 33: 9, 34: 14, 35: 6, 36: 7, 37: 4, 38: 14, 39: 4, 40: 12, 41: 13, 42: 13, 43: 7, 44: 12, 45: 19, 46: 8, 47: 8, 48: 22, 49: 13, 50: 7, 51: 3, 52: 6, 53: 4, 54: 12, 55: 32, 56: 10, 57: 16, 58: 6, 59: 4, 60: 14, 61: 9, 62: 5, 63: 7, 64: 8, 65: 5, 66: 11, 67: 19, 68: 6, 69: 6, 70: 19, 71: 6, 72: 4, 73: 2, 74: 1, 75: 3, 76: 8, 77: 2, 78: 7, 79: 1, 80: 8, 81: 8}	FPS - SpecPeeling	(512, 257, 516, 260, 9, 521, 530, 19, 20, 281, 282, 795, 801, 292, 294, 295, 296, 808, 45, 557, 559, 51, 307, 821, 315, 829, 62, 574, 578, 326, 81, 83, 340, 598, 344, 345, 92, 608, 611, 357, 618, 625, 629, 117, 119, 633, 890, 638, 894, 645, 396, 655, 657, 145, 659, 401, 666, 155, 164, 683, 437, 439, 446, 705, 194, 715, 211, 217, 732, 476, 735, 480, 738, 740, 747, 240, 242, 756, 501, 502, 760, 763)	19.29082159635079	1.0	82	{'GOT2', 'RNF25', 'IARS2', 'ARHGEF3', 'PPIE', 'RARA', 'RIOK1', 'GTF2F2', 'UQCRQ', 'FBXW11', 'UTP15', 'WNT3', 'WDR77', 'CNOT1', 'TSEN2', 'MED1', 'PPIF', 'RRP15', 'UPF2', 'ARF4', 'EEF1E1', 'COPS2', 'NUBP1', 'TTC37', 'GABARAPL2', 'RPL23', 'ZKSCAN5', 'ERCC2', 'RAD50', 'MAST2', 'MRPL40', 'COPS6', 'USP8', 'INTS12', 'NPM1', 'SMARCE1', 'SNRPD2', 'COX7A2L', 'SEC61B', 'NDST1', 'SERP2', 'CNBP', 'EIF2B3', 'GLIS3', 'AIMP1', 'SLC1A5', 'SMAP2', 'RUVBL1', 'PSMA4', 'THG1L', 'USO1', 'RPS8', 'SYMPK', 'ABCE1', 'BTF3', 'TRMO', 'TCOF1', 'PDHB', 'RCHY1', 'MARK4', 'ASB1', 'RAB7A', 'NDUFS4', 'MRPS27', 'PPT1', 'EIF3B', 'MED24', 'SECISBP2L', 'THRA', 'PKM', 'WDR61', 'RPS14', 'PDAP1', 'NDUFA12', 'ADAT1', 'CPSF2', 'RNF220', 'RBM22', 'PDCD11', 'KIDINS220', 'TAF6', 'ATG7'}
../dataset/Robustness_Experiment_Dataset/131.tsv	1032	82	{0: 58, 1: 17, 2: 45, 3: 37, 4: 11, 5: 30, 6: 4, 7: 16, 8: 18, 9: 8, 10: 8, 11: 8, 12: 15, 13: 9, 14: 20, 15: 43, 16: 16, 17: 11, 18: 23, 19: 16, 20: 17, 21: 10, 22: 12, 23: 11, 24: 12, 25: 12, 26: 7, 27: 9, 28: 3, 29: 40, 30: 9, 31: 10, 32: 16, 33: 17, 34: 20, 35: 21, 36: 22, 37: 17, 38: 12, 39: 8, 40: 12, 41: 6, 42: 8, 43: 6, 44: 16, 45: 9, 46: 6, 47: 8, 48: 4, 49: 21, 50: 3, 51: 16, 52: 8, 53: 4, 54: 16, 55: 9, 56: 18, 57: 2, 58: 12, 59: 3, 60: 18, 61: 22, 62: 11, 63: 6, 64: 6, 65: 8, 66: 12, 67: 6, 68: 12, 69: 4, 70: 2, 71: 3, 72: 4, 73: 2, 74: 2, 75: 4, 76: 4, 77: 6, 78: 7, 79: 1, 80: 3, 81: 4}	FPS - SpecPeeling	(513, 519, 263, 9, 267, 528, 18, 26, 539, 283, 541, 284, 803, 804, 552, 298, 43, 49, 50, 820, 310, 571, 828, 830, 575, 580, 582, 73, 333, 78, 81, 600, 89, 344, 347, 349, 94, 104, 622, 115, 376, 634, 890, 891, 637, 649, 138, 141, 402, 147, 148, 662, 665, 410, 412, 925, 673, 166, 681, 174, 689, 697, 442, 443, 444, 969, 718, 720, 464, 723, 467, 725, 471, 740, 229, 743, 745, 233, 237, 506, 250, 763)	17.50802535511682	1.0	82	{'TIMP3', 'FBXO38', 'ADGRG1', 'CD53', 'RIOK1', 'GTF2F2', 'POP7', 'UTP15', 'WNT3', 'CNOT1', 'RAP1A', 'TSEN2', 'AAMP', 'RRP15', 'LAMTOR5', 'ME3', 'AFF4', 'TAF1B', 'GYPA', 'RRAGC', 'PRSS23', 'TTC37', 'NECAP2', 'BPNT1', 'GABARAPL2', 'MORF4L1', 'KPNA1', 'RPL23', 'ERCC2', 'NSUN4', 'TOP2B', 'CPSF4', 'SNX8', 'NPM1', 'ATOX1', 'COX7A2L', 'SEC61B', 'SON', 'IRF1', 'ORMDL3', 'CNBP', 'EIF2B3', 'NUDT1', 'SLC1A5', 'RUVBL1', 'PSMA4', 'SEC61A1', 'TOMM40', 'RPS8', 'SYMPK', 'SEC63', 'CAP1', 'G3BP1', 'PPP5C', 'CPNE2', 'ZBTB38', 'ABCE1', 'RPL19', 'LAMTOR4', 'CDK12', 'XRN1', 'GART', 'MED7', 'BLMH', 'SPP1', 'TMED3', 'SEC62', 'EFTUD2', 'PABPC4', 'NDUFS4', 'MRPS27', 'SNRPF', 'TET2', 'SECISBP2L', 'RPS14', 'CPSF2', 'RBM22', 'BUD31', 'NBAS', 'PDCD11', 'TOP2A', 'ATG7'}
../dataset/Robustness_Experiment_Dataset/141.tsv	1032	80	{0: 7, 1: 20, 2: 55, 3: 45, 4: 10, 5: 7, 6: 22, 7: 10, 8: 9, 9: 7, 10: 10, 11: 27, 12: 37, 13: 16, 14: 44, 15: 10, 16: 17, 17: 19, 18: 11, 19: 12, 20: 10, 21: 14, 22: 21, 23: 21, 24: 20, 25: 16, 26: 30, 27: 26, 28: 20, 29: 22, 30: 14, 31: 7, 32: 17, 33: 14, 34: 15, 35: 10, 36: 10, 37: 7, 38: 14, 39: 4, 40: 6, 41: 9, 42: 9, 43: 11, 44: 12, 45: 17, 46: 8, 47: 9, 48: 13, 49: 11, 50: 3, 51: 3, 52: 11, 53: 23, 54: 11, 55: 19, 56: 7, 57: 8, 58: 2, 59: 2, 60: 9, 61: 12, 62: 11, 63: 14, 64: 8, 65: 7, 66: 7, 67: 5, 68: 4, 69: 6, 70: 12, 71: 1, 72: 5, 73: 3, 74: 5, 75: 7, 76: 7, 77: 2, 78: 3, 79: 3}	FPS - SpecPeeling	(0, 514, 7, 775, 9, 521, 272, 20, 535, 280, 281, 539, 293, 294, 556, 557, 560, 307, 821, 567, 313, 572, 573, 62, 830, 320, 837, 838, 71, 72, 839, 844, 591, 592, 336, 92, 95, 356, 869, 105, 626, 630, 119, 638, 896, 641, 390, 391, 904, 653, 655, 657, 401, 149, 150, 920, 665, 410, 157, 433, 434, 435, 694, 442, 706, 707, 454, 713, 203, 473, 222, 737, 742, 231, 748, 237, 757, 506, 763, 766)	19.03932727069363	1.0	80	{'GOT2', 'FBXO38', 'POLR2C', 'TNKS', 'MCM10', 'PPIE', 'RIOK1', 'UQCRQ', 'UTP15', 'GIT1', 'E2F3', 'WDR77', 'SMPD2', 'CPSF3', 'CNOT1', 'TSEN2', 'RRM2', 'AFF4', 'BCS1L', 'COPS2', 'HECTD3', 'GOLGA5', 'LSM11', 'HSPA4', 'TTC37', 'ELL2', 'KPNA1', 'PICALM', 'TAMM41', 'ERCC2', 'NDUFS5', 'RAD50', 'SEC11A', 'COPS6', 'INTS12', 'NPM1', 'SMARCE1', 'SNRPD2', 'SSH2', 'SFR1', 'PARP9', 'TRIT1', 'NUDT1', 'RWDD1', 'RUVBL1', 'THG1L', 'TMEM170A', 'TOMM40', 'USP37', 'RPS8', 'MCM2', 'ABCE1', 'RPL19', 'UQCRH', 'MTA3', 'TRMO', 'GART', 'DDX1', 'TCOF1', 'METAP2', 'LRRC41', 'RCHY1', 'RFWD3', 'MRPS27', 'GSTO1', 'MED24', 'SECISBP2L', 'THRA', 'WDR61', 'POMGNT1', 'RPS14', 'NDUFA12', 'MCM7', 'USP6NL', 'TFDP2', 'RBM22', 'RAD54L', 'PDCD11', 'TOE1', 'TAF6'}
../dataset/Robustness_Experiment_Dataset/151.tsv	1032	82	{0: 26, 1: 23, 2: 15, 3: 3, 4: 20, 5: 5, 6: 7, 7: 21, 8: 11, 9: 6, 10: 15, 11: 45, 12: 18, 13: 11, 14: 63, 15: 8, 16: 12, 17: 13, 18: 21, 19: 28, 20: 20, 21: 11, 22: 14, 23: 5, 24: 10, 25: 4, 26: 8, 27: 7, 28: 17, 29: 12, 30: 23, 31: 10, 32: 13, 33: 4, 34: 17, 35: 23, 36: 16, 37: 49, 38: 39, 39: 19, 40: 13, 41: 16, 42: 16, 43: 7, 44: 10, 45: 11, 46: 9, 47: 6, 48: 5, 49: 7, 50: 19, 51: 3, 52: 10, 53: 4, 54: 15, 55: 11, 56: 17, 57: 6, 58: 22, 59: 6, 60: 9, 61: 7, 62: 11, 63: 13, 64: 8, 65: 4, 66: 4, 67: 3, 68: 8, 69: 10, 70: 10, 71: 8, 72: 5, 73: 6, 74: 6, 75: 3, 76: 1, 77: 4, 78: 2, 79: 2, 80: 2, 81: 1}	FPS - SpecPeeling	(0, 3, 774, 7, 9, 266, 523, 524, 267, 273, 274, 788, 284, 541, 542, 801, 806, 296, 297, 558, 560, 562, 308, 316, 832, 834, 837, 70, 78, 79, 81, 594, 340, 341, 344, 345, 90, 607, 97, 610, 100, 614, 358, 360, 111, 626, 627, 628, 373, 891, 892, 137, 654, 399, 400, 148, 404, 405, 665, 921, 158, 928, 162, 675, 681, 430, 693, 438, 448, 705, 456, 465, 730, 221, 478, 736, 231, 232, 748, 237, 1004, 506)	18.868055370907015	1.0	82	{'POLR2C', 'PKD2', 'TAOK1', 'ALG2', 'MCM10', 'RIOK1', 'TAF6', 'FBXW11', 'UTP15', 'GIT1', 'E2F3', 'GINS3', 'WDR77', 'CPSF3', 'SRRT', 'CNOT1', 'LYPLAL1', 'RAP1A', 'TSEN2', 'MED1', 'RRM2', 'EEF1E1', 'AFF4', 'TERF2IP', 'COPS2', 'GOLGA5', 'LSM11', 'CRLF3', 'RRAGC', 'TTC37', 'RPL23', 'ZMPSTE24', 'ERCC2', 'RTN2', 'NDUFS5', 'TOP2B', 'CDC45', 'DONSON', 'SNRPD2', 'EIF2B3', 'PARP9', 'HDAC4', 'KLHL42', 'CFAP20', 'RUVBL1', 'PSMA4', 'ILKAP', 'USP37', 'CNPY4', 'CAP1', 'ERI1', 'MCM2', 'SNRNP48', 'RPL19', 'BTF3', 'XRN1', 'CDC6', 'NASP', 'DDX1', 'LTA', 'EFTUD2', 'DCTN4', 'RFWD3', 'RAB7A', 'MRPS27', 'RBM15', 'PSMD3', 'WIPF2', 'HEXIM1', 'SECISBP2L', 'WDR61', 'RPS14', 'PDAP1', 'MCM7', 'TAF5', 'CPSF2', 'TFDP2', 'RREB1', 'BUD31', 'PDCD11', 'TOP2A', 'ATG7'}
../dataset/Robustness_Experiment_Dataset/161.tsv	1032	82	{0: 19, 1: 10, 2: 8, 3: 21, 4: 11, 5: 15, 6: 48, 7: 26, 8: 38, 9: 14, 10: 20, 11: 11, 12: 35, 13: 16, 14: 15, 15: 11, 16: 18, 17: 19, 18: 24, 19: 45, 20: 10, 21: 12, 22: 8, 23: 16, 24: 8, 25: 9, 26: 15, 27: 6, 28: 11, 29: 59, 30: 16, 31: 13, 32: 10, 33: 6, 34: 11, 35: 23, 36: 6, 37: 22, 38: 6, 39: 2, 40: 27, 41: 7, 42: 8, 43: 14, 44: 9, 45: 18, 46: 12, 47: 10, 48: 17, 49: 12, 50: 11, 51: 19, 52: 17, 53: 14, 54: 10, 55: 5, 56: 5, 57: 11, 58: 6, 59: 5, 60: 6, 61: 8, 62: 5, 63: 2, 64: 6, 65: 11, 66: 6, 67: 4, 68: 4, 69: 11, 70: 3, 71: 3, 72: 5, 73: 4, 74: 2, 75: 3, 76: 1, 77: 3, 78: 4, 79: 2, 80: 1, 81: 8}	FPS - SpecPeeling	(772, 7, 267, 524, 525, 786, 20, 284, 285, 286, 546, 37, 295, 296, 297, 555, 303, 563, 565, 58, 826, 60, 318, 832, 322, 579, 69, 70, 582, 328, 843, 78, 79, 81, 337, 596, 344, 349, 611, 612, 111, 630, 377, 634, 124, 638, 646, 905, 138, 657, 145, 401, 148, 917, 409, 158, 671, 159, 675, 676, 166, 678, 170, 683, 943, 433, 442, 443, 706, 707, 450, 204, 462, 213, 480, 227, 740, 741, 483, 232, 236, 748)	19.295339920909576	1.0	82	{'MSL1', 'POLR2C', 'RNF25', 'KRT20', 'RIOK1', 'GABPB1', 'TAF6', 'UTP15', 'E2F3', 'WDR77', 'CPSF3', 'SRRT', 'CNOT1', 'TSEN2', 'MED1', 'RRP15', 'UPF2', 'AFF4', 'BCS1L', 'COPS2', 'UROD', 'ABCG2', 'CRLF3', 'RRAGC', 'TTC37', 'MORF4L1', 'PICALM', 'ERCC2', 'PDE12', 'SEC11A', 'MRPL40', 'INTS12', 'NPM1', 'DONSON', 'CPD', 'ACAD9', 'EIF2B3', 'PSMA4', 'NMT1', 'TOMM40', 'RPS8', 'CAP1', 'MCM2', 'ARPC2', 'PER2', 'ZFP69B', 'ABCE1', 'RPL19', 'XRN1', 'GART', 'DDX1', 'TCOF1', 'SMURF1', 'EFTUD2', 'RFWD3', 'USB1', 'ZKSCAN1', 'RAB7A', 'AKIRIN1', 'WDR73', 'GPBP1L1', 'PSMD3', 'MED24', 'TET2', 'WIPF2', 'THRA', 'PKM', 'RLF', 'WDR61', 'UBE2F', 'MCM7', 'ADAT1', 'CPSF2', 'RNF220', 'REPS1', 'WHAMM', 'EEFSEC', 'RREB1', 'PDCD11', 'RAD54L', 'KIDINS220', 'TOP2A'}
../dataset/Robustness_Experiment_Dataset/171.tsv	1031	82	{0: 4, 1: 10, 2: 7, 3: 11, 4: 14, 5: 20, 6: 22, 7: 49, 8: 12, 9: 12, 10: 17, 11: 21, 12: 25, 13: 22, 14: 5, 15: 10, 16: 38, 17: 42, 18: 4, 19: 35, 20: 11, 21: 20, 22: 12, 23: 63, 24: 17, 25: 22, 26: 12, 27: 8, 28: 8, 29: 7, 30: 4, 31: 15, 32: 10, 33: 9, 34: 14, 35: 11, 36: 4, 37: 16, 38: 6, 39: 6, 40: 17, 41: 19, 42: 13, 43: 9, 44: 4, 45: 18, 46: 9, 47: 13, 48: 9, 49: 23, 50: 6, 51: 10, 52: 6, 53: 8, 54: 30, 55: 11, 56: 2, 57: 8, 58: 3, 59: 18, 60: 4, 61: 4, 62: 6, 63: 1, 64: 16, 65: 12, 66: 8, 67: 3, 68: 6, 69: 15, 70: 5, 71: 3, 72: 9, 73: 7, 74: 5, 75: 7, 76: 11, 77: 5, 78: 7, 79: 2, 80: 2, 81: 2}	FPS - SpecPeeling	(0, 516, 518, 262, 775, 9, 525, 535, 279, 280, 27, 802, 292, 37, 293, 551, 553, 558, 303, 50, 819, 564, 566, 568, 60, 573, 830, 70, 582, 75, 76, 843, 591, 340, 345, 606, 103, 877, 110, 111, 629, 373, 888, 634, 891, 638, 902, 649, 650, 144, 145, 147, 405, 919, 665, 153, 154, 160, 673, 418, 689, 438, 695, 440, 190, 711, 456, 201, 717, 718, 218, 734, 224, 226, 229, 485, 744, 750, 751, 241, 242, 502)	18.26297638588458	1.0	82	{'FCHO2', 'FBXO38', 'IARS2', 'ZFP1', 'RARB', 'RIOK1', 'TAF6', 'FBXW11', 'MAP3K14', 'UTP15', 'GIT1', 'CORO2A', 'E2F3', 'CPSF3', 'TNIP1', 'CNOT1', 'TSEN2', 'TEAD1', 'ARF4', 'SESN1', 'SOCS1', 'AFF4', 'CAST', 'HECTD3', 'UROD', 'PCYOX1L', 'MCTP1', 'HSPA4', 'TTC37', 'BPNT1', 'GABARAPL2', 'NR4A3', 'KPNA1', 'RPL23', 'ERCC2', 'SEC11A', 'MRPL40', 'INTS12', 'NPM1', 'DONSON', 'SETD6', 'CLINT1', 'SMAD1', 'TRIT1', 'RWDD1', 'RUVBL1', 'PSMA4', 'THG1L', 'FOXO3', 'RPS8', 'SYMPK', 'CAP1', 'ADAM17', 'ARL2BP', 'MCM2', 'RPL19', 'XRN1', 'MED7', 'DDX1', 'TCOF1', 'HIF3A', 'CASC3', 'EFTUD2', 'PABPC4', 'MRPS27', 'RBM15', 'SNRPF', 'MED24', 'SECISBP2L', 'RLF', 'VGLL4', 'WDR61', 'MCM7', 'CPSF2', 'GRB7', 'RNF220', 'RBM22', 'EEFSEC', 'NBAS', 'PDCD11', 'TOP2A', 'ATG7'}
../dataset/Robustness_Experiment_Dataset/181.tsv	1032	80	{0: 7, 1: 53, 2: 10, 3: 23, 4: 22, 5: 19, 6: 29, 7: 5, 8: 6, 9: 12, 10: 15, 11: 8, 12: 41, 13: 14, 14: 11, 15: 15, 16: 11, 17: 18, 18: 13, 19: 3, 20: 10, 21: 12, 22: 39, 23: 11, 24: 12, 25: 18, 26: 27, 27: 11, 28: 12, 29: 16, 30: 47, 31: 8, 32: 22, 33: 27, 34: 17, 35: 11, 36: 4, 37: 6, 38: 11, 39: 3, 40: 17, 41: 8, 42: 31, 43: 16, 44: 11, 45: 21, 46: 11, 47: 15, 48: 17, 49: 8, 50: 14, 51: 13, 52: 5, 53: 19, 54: 14, 55: 3, 56: 12, 57: 6, 58: 11, 59: 15, 60: 9, 61: 4, 62: 10, 63: 5, 64: 2, 65: 7, 66: 13, 67: 4, 68: 4, 69: 2, 70: 6, 71: 7, 72: 14, 73: 1, 74: 6, 75: 3, 76: 2, 77: 2, 78: 3, 79: 2}	FPS - SpecPeeling	(0, 1, 2, 263, 15, 271, 22, 535, 25, 541, 32, 35, 549, 305, 818, 56, 824, 313, 571, 575, 578, 581, 583, 584, 585, 327, 75, 839, 77, 589, 592, 88, 91, 98, 611, 109, 365, 624, 372, 630, 377, 383, 129, 132, 648, 649, 137, 905, 148, 664, 155, 672, 673, 418, 679, 428, 173, 176, 443, 194, 199, 456, 716, 209, 722, 469, 215, 216, 218, 479, 224, 736, 485, 747, 492, 755, 499, 246, 249, 507)	17.02267482889829	1.0	80	{'FBXO38', 'CXCL1', 'CD53', 'NR1D1', 'WNT5A', 'ADGRG5', 'MAP3K14', 'GIT1', 'HAVCR2', 'TNIP1', 'CCL17', 'TEAD1', 'PPIF', 'CLTCL1', 'LAMTOR5', 'SOCS1', 'EPGN', 'AFF4', 'VASP', 'ADGRG3', 'CARD11', 'ABCG2', 'STK10', 'THRB', 'RRAGC', 'PLK3', 'NTN4', 'CCL22', 'NR4A3', 'CACNB1', 'MAST2', 'LGMN', 'TRIP6', 'TSC22D1', 'BID', 'IRF1', 'DEFB4A', 'EPHA2', 'ARHGEF10L', 'SMAD1', 'KCNA10', 'CYFIP2', 'HDAC4', 'PARP14', 'PARP15', 'RELB', 'MLKL', 'CXCL3', 'ARNTL', 'G3BP1', 'MGLL', 'CX3CL1', 'GM2A', 'APOE', 'BCAR1', 'CIITA', 'NASP', 'SH3PXD2B', 'MACF1', 'ADRB2', 'CXCR2', 'MICAL1', 'NLRC5', 'CXCL5', 'CD74', 'MFSD2A', 'SH3PXD2A', 'EPHB4', 'TSC22D4', 'HEXIM1', 'PRKD2', 'TMBIM1', 'CSF3', 'ACHE', 'RCAN1', 'CXCL6', 'BMP8B', 'CCL20', 'CITED2', 'PILRA'}
